Datetime,Water Level (m)
2025-06-23 12:00:00,0.301131
2025-06-23 13:00:00,0.6543556
2025-06-23 14:00:00,0.8735487
2025-06-23 15:00:00,0.9973588
2025-06-23 16:00:00,0.9851782
2025-06-23 17:00:00,0.78931963
2025-06-23 18:00:00,0.44114208
2025-06-23 19:00:00,0.13544562
2025-06-23 20:00:00,-0.10854894
2025-06-23 21:00:00,-0.30681413
2025-06-23 22:00:00,-0.43584213
2025-06-23 23:00:00,-0.34025615
2025-06-24 00:00:00,0.24715237
2025-06-24 01:00:00,0.693667
2025-06-24 02:00:00,1.0372481
2025-06-24 03:00:00,1.290378
2025-06-24 04:00:00,1.4178512
2025-06-24 05:00:00,1.3789587
2025-06-24 06:00:00,1.1150095
2025-06-24 07:00:00,0.77468795
2025-06-24 08:00:00,0.49072796
2025-06-24 09:00:00,0.23024105
2025-06-24 10:00:00,0.002624523
2025-06-24 11:00:00,-0.14511162
2025-06-24 12:00:00,-0.08733305
2025-06-24 13:00:00,0.39287895
2025-06-24 14:00:00,0.75390655
2025-06-24 15:00:00,0.9897448
2025-06-24 16:00:00,1.0976038
2025-06-24 17:00:00,1.0490324
2025-06-24 18:00:00,0.7887402
2025-06-24 19:00:00,0.43245256
2025-06-24 20:00:00,0.15300465
2025-06-24 21:00:00,-0.070828944
2025-06-24 22:00:00,-0.26394063
2025-06-24 23:00:00,-0.39100417
2025-06-25 00:00:00,-0.28209287
2025-06-25 01:00:00,0.36135846
2025-06-25 02:00:00,0.8290653
2025-06-25 03:00:00,1.2052064
2025-06-25 04:00:00,1.4816856
2025-06-25 05:00:00,1.59586
2025-06-25 06:00:00,1.4781342
2025-06-25 07:00:00,1.1332967
2025-06-25 08:00:00,0.7619315
2025-06-25 09:00:00,0.4581116
2025-06-25 10:00:00,0.19899005
2025-06-25 11:00:00,-0.01449827
2025-06-25 12:00:00,-0.14129274
2025-06-25 13:00:00,-0.0059260046
2025-06-25 14:00:00,0.49745554
2025-06-25 15:00:00,0.8206413
2025-06-25 16:00:00,1.0464103
2025-06-25 17:00:00,1.1435862
2025-06-25 18:00:00,1.0592545
2025-06-25 19:00:00,0.75752574
2025-06-25 20:00:00,0.3984027
2025-06-25 21:00:00,0.12673536
2025-06-25 22:00:00,-0.09968589
2025-06-25 23:00:00,-0.29027602
2025-06-26 00:00:00,-0.39235815
2025-06-26 01:00:00,-0.19185662
2025-06-26 02:00:00,0.42295903
2025-06-26 03:00:00,0.86120623
2025-06-26 04:00:00,1.2189641
2025-06-26 05:00:00,1.4629154
2025-06-26 06:00:00,1.5209614
2025-06-26 07:00:00,1.357934
2025-06-26 08:00:00,0.9746996
2025-06-26 09:00:00,0.6235597
2025-06-26 10:00:00,0.32647055
2025-06-26 11:00:00,0.067518376
2025-06-26 12:00:00,-0.1421507
2025-06-26 13:00:00,-0.24584627
2025-06-26 14:00:00,-0.041098256
2025-06-26 15:00:00,0.4788283
2025-06-26 16:00:00,0.81062204
2025-06-26 17:00:00,1.0340222
2025-06-26 18:00:00,1.1120151
2025-06-26 19:00:00,0.99378717
2025-06-26 20:00:00,0.65974265
2025-06-26 21:00:00,0.28941122
2025-06-26 22:00:00,0.02536359
2025-06-26 23:00:00,-0.19604623
2025-06-27 00:00:00,-0.37075514
2025-06-27 01:00:00,-0.43993378
2025-06-27 02:00:00,-0.096839115
2025-06-27 03:00:00,0.46684137
2025-06-27 04:00:00,0.88993305
2025-06-27 05:00:00,1.237236
2025-06-27 06:00:00,1.4468454
2025-06-27 07:00:00,1.4511139
2025-06-27 08:00:00,1.2213221
2025-06-27 09:00:00,0.83186257
2025-06-27 10:00:00,0.50621855
2025-06-27 11:00:00,0.22464266
2025-06-27 12:00:00,-0.023638407
2025-06-27 13:00:00,-0.19896664
2025-06-27 14:00:00,-0.22879258
2025-06-27 15:00:00,0.1481512
2025-06-27 16:00:00,0.57552236
2025-06-27 17:00:00,0.85709405
2025-06-27 18:00:00,1.0272491
2025-06-27 19:00:00,1.0564265
2025-06-27 20:00:00,0.874782
2025-06-27 21:00:00,0.5331415
2025-06-27 22:00:00,0.22193132
2025-06-27 23:00:00,-0.01330849
2025-06-28 00:00:00,-0.21275747
2025-06-28 01:00:00,-0.35510087
2025-06-28 02:00:00,-0.32135195
2025-06-28 03:00:00,0.20547974
2025-06-28 04:00:00,0.6716636
2025-06-28 05:00:00,1.042104
2025-06-28 06:00:00,1.3348529
2025-06-28 07:00:00,1.4580603
2025-06-28 08:00:00,1.3704424
2025-06-28 09:00:00,1.0539795
2025-06-28 10:00:00,0.6666697
2025-06-28 11:00:00,0.36119547
2025-06-28 12:00:00,0.108795784
2025-06-28 13:00:00,-0.100661404
2025-06-28 14:00:00,-0.2346248
2025-06-28 15:00:00,-0.17692176
2025-06-28 16:00:00,0.29120827
2025-06-28 17:00:00,0.6419591
2025-06-28 18:00:00,0.9102678
2025-06-28 19:00:00,1.0552224
2025-06-28 20:00:00,1.0447351
2025-06-28 21:00:00,0.84156096
2025-06-28 22:00:00,0.49516645
2025-06-28 23:00:00,0.20665476
2025-06-29 00:00:00,-0.0067750313
2025-06-29 01:00:00,-0.17821263
2025-06-29 02:00:00,-0.26589492
2025-06-29 03:00:00,-0.07304836
2025-06-29 04:00:00,0.42268607
2025-06-29 05:00:00,0.8073436
2025-06-29 06:00:00,1.1222943
2025-06-29 07:00:00,1.3378634
2025-06-29 08:00:00,1.3846056
2025-06-29 09:00:00,1.2355733
2025-06-29 10:00:00,0.90126365
2025-06-29 11:00:00,0.531741
2025-06-29 12:00:00,0.24950942
